"earnings_decile","men_faminc_pctile","women_faminc_pctile"
"No earn",18.1157092317112,44.1644735412981
"1",13.7950611996639,38.11632901691
"2",23.536982016619,39.0746452877201
"3",31.5339590292242,42.125627159475
"4",39.1477898229843,44.8029058451265
"5",46.1898074488029,48.1343803389578
"6",53.1740340178539,55.2804398242914
"7",60.7510814608503,60.200838783246
"8",69.0220156667994,66.2132020440735
"9",79.2218464043404,72.5489635365194
"10",91.6831384223484,80.1323245273011
