"earnings_decile","men_faminc_pctile","women_faminc_pctile"
"No earn",16.1391560262528,47.6214788153547
"1",13.872581671694,41.9076654402564
"2",24.5568566042583,42.1131858268392
"3",33.1572401087915,43.3338150785512
"4",40.7232419737991,44.5549437551231
"5",46.926905364874,47.4862789079138
"6",53.1641039472963,50.0082410300693
"7",60.5770482851278,54.7959056857878
"8",68.2556171428869,59.4186031900677
"9",78.6893839542411,62.7056609482242
"10",91.4109178729484,72.99795283181
