"earnings_decile","men_faminc_pctile","women_faminc_pctile"
"No earn",18.1233381722691,44.8318348892267
"1",13.6359788717946,37.8190827640501
"2",23.3545133534453,39.0266511056327
"3",31.3498713529246,41.7338808773441
"4",39.0487657257711,44.4962306185418
"5",46.14805304217,47.6377227752444
"6",52.3969162608199,54.6460328575935
"7",60.8689395680855,59.7617789956354
"8",69.2535603324953,65.3014700491413
"9",79.5280674922854,71.850166712977
"10",92.6475904901357,79.5956070367496
