pct_unearned_non_gov,pct_unearned_gov,pct_tax,pct_oth_labern
5.703844020750614,4.544191046235094,88.53692740745646,1.2150375255578472
