pct_unearned_non_gov,pct_unearned_gov,pct_tax,pct_oth_labern
-26.06936374542841,-45.42552662552147,207.23970404079395,-35.744813669844106
