pct_unearned_non_gov,pct_unearned_gov,pct_tax,pct_oth_labern
74.18718739341126,112.25055533010561,-167.3187963225034,80.88105359898651
